Index,LCSC#,MPN,Manufacturer,Package,Customer #,Description,RoHS,Quantity,MOQ,Multiple,Unit Price($),Extended Price($),Product Link
1,C19702,CL10A106KP8NNNC,Samsung Electro-Mechanics,0603,,10uF ±10% 10V Ceramic Capacitor X5R 0603,yes,20,20,20,0.0322,0.64,https://www.lcsc.com/product-detail/C19702.html
2,C1591,CL10B104KB8NNNC,Samsung Electro-Mechanics,0603,,100nF ±10% 50V Ceramic Capacitor X7R 0603,yes,100,100,100,0.0085,0.85,https://www.lcsc.com/product-detail/C1591.html
3,C16772,CL05B224KO5NNNC,Samsung Electro-Mechanics,0402,,220nF ±10% 16V Ceramic Capacitor X7R 0402,yes,50,50,50,0.0051,0.26,https://www.lcsc.com/product-detail/C16772.html
4,C2943978,17-21SURC/S530-A3/4T,EVERLIGHT,0805,,Orange Red 632nm LED Indication - Discrete 0805,yes,50,50,50,0.0147,0.74,https://www.lcsc.com/product-detail/C2943978.html
5,C99782,RC0603FR-074K7L,YAGEO,0603,,100mW 4.7kΩ 75V Thick Film Resistor ±100ppm/℃ ±1% 0603 Chip Resistor - Surface Mount RoHS,yes,100,100,100,0.0034,0.34,https://www.lcsc.com/product-detail/C99782.html
6,C98220,RC0603FR-0710KL,YAGEO,0603,,100mW 10kΩ 75V Thick Film Resistor ±100ppm/℃ ±1% 0603 Chip Resistor - Surface Mount RoHS,yes,100,100,100,0.0034,0.34,https://www.lcsc.com/product-detail/C98220.html
7,C2907043,FRC0603F47R0TS,FOJAN,0603,,47Ω ±1% 100mW 0603 Thick Film Resistor,yes,100,100,100,0.0023,0.23,https://www.lcsc.com/product-detail/C2907043.html
8,C49023765,MST-12D18G2 SMD Slide Switch,SHOU HAN,SMD,,"100mA Surface Mount, Right Angle SPDT 12V Black SMD Slide Switches ",yes,5,5,5,0.0771,0.39,https://www.lcsc.com/product-detail/C49023765.html
9,C507118,ATTINY1616-MNR,MICROCHIP,QFN-20-EP(3x3),,AVR 8 Bit 20MHz QFN-20-EP(3x3) Microcontrollers RoHS,yes,5,1,1,1.0512,5.26,https://www.lcsc.com/product-detail/C507118.html
10,C16581,TP4056-42-ESOP8,TOP POWER ASIC,ESOP-8,,Lithium Battery 1A ESOP-8 Battery Management RoHS,yes,5,5,5,0.1862,0.93,https://www.lcsc.com/product-detail/C16581.html
11,C173752,S2B-PH-K-S(LF)(SN),JST,"Through Hole,Right Angle,P=2mm",,Connector Header 2 position 2mm Pitch 2A Right Angle -25℃~+85℃,yes,20,20,20,0.0399,0.80,https://www.lcsc.com/product-detail/C173752.html
12,C710403,NT3H2111W0FHKH,NXP,XQFN-8(1.6x1.6),,"106Kbit/s ISO 14443A,NFC I2C XQFN-8(1.6x1.6) RFID, RF Access, Monitoring ICs RoHS",yes,5,1,1,0.6224,3.11,https://www.lcsc.com/product-detail/C710403.html
